{"cameraMode":{"drawMode":0,"name":"Shaded","section":"Shading Mode"},"sceneLighting":true,"audioPlay":false,"sceneViewState":{"m_AlwaysRefresh":false,"showFog":true,"showSkybox":true,"showFlares":true,"showImageEffects":true,"showParticleSystems":true,"showVisualEffectGraphs":true,"m_FxEnabled":true},"in2DMode":false,"pivot":{"x":0.6340460777282715,"y":1.6716198921203614,"z":6.5959930419921879},"rotation":{"x":-0.4591805636882782,"y":0.09876501560211182,"z":-0.05145707726478577,"w":-0.8813364505767822},"size":14.257023811340332,"orthographic":false}